爱,愛,ài,ㄞˋ,to love,audio/ㄞˋ.wav
爱好,愛好,ài hào,ㄞˋㄏㄠˋ,to like/to take pleasure in/keen on/fond of,audio/ㄞˋㄏㄠˋ.wav
八,八,bā,ㄅㄚ,eight,audio/ㄅㄚ.wav
爸爸,爸爸,bà ba,ㄅㄚˋㄅㄚ˙,father,audio/ㄅㄚˋㄅㄚ˙.wav
吧,吧,ba,ㄅㄚ˙,suggestion particle/...right?/...OK?,audio/ㄅㄚ˙.wav
白,白,bái,ㄅㄞˊ,white,audio/ㄅㄞˊ.wav
白天,白天,bái tiān,ㄅㄞˊㄊㄧㄢ,daytime/during the day,audio/ㄅㄞˊㄊㄧㄢ.wav
百,百,bǎi,ㄅㄞˇ,hundred,audio/ㄅㄞˇ.wav
班,班,bān,ㄅㄢ,team,audio/ㄅㄢ.wav
半,半,bàn,ㄅㄢˋ,half,audio/ㄅㄢˋ.wav
半年,半年,bàn nián,ㄅㄢˋㄋㄧㄢˊ,half a year,audio/ㄅㄢˋㄋㄧㄢˊ.wav
半天,半天,bàn tiān,ㄅㄢˋㄊㄧㄢ,half of the day/a long time/quite a while,audio/ㄅㄢˋㄊㄧㄢ.wav
帮,幫,bāng,ㄅㄤ,to assist,audio/ㄅㄤ.wav
帮忙,幫忙,bāng máng,ㄅㄤㄇㄤˊ,to help/to lend a hand/to do a favor,audio/ㄅㄤㄇㄤˊ.wav
包,包,bāo,ㄅㄠ,to cover,audio/ㄅㄠ.wav
包子,包子,bāo zi,ㄅㄠㄗ˙,bao (steamed stuffed bun),audio/ㄅㄠㄗ˙.wav
杯,杯,bēi,ㄅㄟ,cup/a measure word,audio/ㄅㄟ.wav
杯子,杯子,bēi zi,ㄅㄟㄗ˙,cup/glass,audio/ㄅㄟㄗ˙.wav
北,北,běi,ㄅㄟˇ,north,audio/ㄅㄟˇ.wav
北边,北邊,běi biān,ㄅㄟˇㄅㄧㄢ,north/north side/northern part/to the north of,audio/ㄅㄟˇㄅㄧㄢ.wav
北京,北京,Běi jīng,ㄅㄟˇㄐㄧㄥ,Beijing (capital of the PRC),audio/ㄅㄟˇㄐㄧㄥ.wav
本,本,běn,ㄅㄣˇ,roots (plants)/origin,audio/ㄅㄣˇ.wav
本子,本子,běn zi,ㄅㄣˇㄗ˙,book/notebook,audio/ㄅㄣˇㄗ˙.wav
比,比,bǐ,ㄅㄧˇ,"comparative paricle (""-er than"")",audio/ㄅㄧˇ.wav
别,別,bié,ㄅㄧㄝˊ,leave/depart,audio/ㄅㄧㄝˊ.wav
别的,別的,bié de,ㄅㄧㄝˊㄉㄜ˙,else/other,audio/ㄅㄧㄝˊㄉㄜ˙.wav
别人,別人,bié ren,ㄅㄧㄝˊㄖㄣ˙,other people/others,audio/ㄅㄧㄝˊㄖㄣ˙.wav
病,病,bìng,ㄅㄧㄥˋ,ailment,audio/ㄅㄧㄥˋ.wav
病人,病人,bìng rén,ㄅㄧㄥˋㄖㄣˊ,sick person/patient,audio/ㄅㄧㄥˋㄖㄣˊ.wav
不大,不大,bù dà,ㄅㄨˋㄉㄚˋ,not very/not too/not often,audio/ㄅㄨˋㄉㄚˋ.wav
不对,不對,bù duì,ㄅㄨˋㄉㄨㄟˋ,incorrect/wrong/amiss/abnormal,audio/ㄅㄨˋㄉㄨㄟˋ.wav
不客气,不客氣,bù kè qi,ㄅㄨˋㄎㄜˋㄑㄧ˙,you're welcome/don't mention it/impolite/rude,audio/ㄅㄨˋㄎㄜˋㄑㄧ˙.wav
不用,不用,bù yòng,ㄅㄨˋㄩㄥˋ,need not,audio/ㄅㄨˋㄩㄥˋ.wav
不,不,bù,ㄅㄨˋ,(negative prefix)/not,audio/ㄅㄨˋ.wav
菜,菜,cài,ㄘㄞˋ,dish (food type)/vegetables,audio/ㄘㄞˋ.wav
茶,茶,chá,ㄔㄚˊ,tea,audio/ㄔㄚˊ.wav
差,差,chà,ㄔㄚˋ,difference,audio/ㄔㄚˋ.wav
常,常,cháng,ㄔㄤˊ,always,audio/ㄔㄤˊ.wav
常常,常常,cháng cháng,ㄔㄤˊㄔㄤˊ,frequently/often,audio/ㄔㄤˊㄔㄤˊ.wav
唱,唱,chàng,ㄔㄤˋ,sing,audio/ㄔㄤˋ.wav
唱歌,唱歌,chàng gē,ㄔㄤˋㄍㄜ,to sing a song,audio/ㄔㄤˋㄍㄜ.wav
车,車,chē,ㄔㄜ,car/a vehicle,audio/ㄔㄜ.wav
车票,車票,chē piào,ㄔㄜㄆㄧㄠˋ,ticket (for a bus or train),audio/ㄔㄜㄆㄧㄠˋ.wav
车上,車上,chē shàng,ㄔㄜㄕㄤˋ,on the car,audio/ㄔㄜㄕㄤˋ.wav
车站,車站,chē zhàn,ㄔㄜㄓㄢˋ,rail station/bus stop,audio/ㄔㄜㄓㄢˋ.wav
吃,吃,chī,ㄔ,eat/destroy,audio/ㄔ.wav
吃饭,吃飯,chī fàn,ㄔㄈㄢˋ,to have a meal/to eat/to make a living,audio/ㄔㄈㄢˋ.wav
出,出,chū,ㄔㄨ,to go out,audio/ㄔㄨ.wav
出来,出來,chū lái,ㄔㄨㄌㄞˊ,to come out/to appear/to arise,audio/ㄔㄨㄌㄞˊ.wav
出去,出去,chū qù,ㄔㄨㄑㄩˋ,to go out,audio/ㄔㄨㄑㄩˋ.wav
穿,穿,chuān,ㄔㄨㄢ,to wear/to put on/to dress/to bore through/to penetrate,audio/ㄔㄨㄢ.wav
床,床,chuáng,ㄔㄨㄤˊ,bed/couch,audio/ㄔㄨㄤˊ.wav
次,次,cì,ㄘˋ,nth/number (of times),audio/ㄘˋ.wav
从,從,cóng,ㄘㄨㄥˊ,lax/yielding,audio/ㄘㄨㄥˊ.wav
错,錯,cuò,ㄘㄨㄛˋ,mistake/error,audio/ㄘㄨㄛˋ.wav
打,打,dǎ,ㄉㄚˇ,strike,audio/ㄉㄚˇ.wav
打车,打車,dǎ chē,ㄉㄚˇㄔㄜ,to take a taxi (in town)/to hitch a lift,audio/ㄉㄚˇㄔㄜ.wav
打电话,打電話,dǎ diàn huà,ㄉㄚˇㄉㄧㄢˋㄏㄨㄚˋ,to make a telephone call,audio/ㄉㄚˇㄉㄧㄢˋㄏㄨㄚˋ.wav
打开,打開,dǎ kāi,ㄉㄚˇㄎㄞ,to open/to show (a ticket)/to turn on/to switch on,audio/ㄉㄚˇㄎㄞ.wav
打球,打球,dǎ qiú,ㄉㄚˇㄑㄧㄡˊ,to play ball/to play with a ball,audio/ㄉㄚˇㄑㄧㄡˊ.wav
大,大,dà,ㄉㄚˋ,big,audio/ㄉㄚˋ.wav
大学,大學,dà xué,ㄉㄚˋㄒㄩㄝˊ,university/college,audio/ㄉㄚˋㄒㄩㄝˊ.wav
大学生,大學生,dà xué shēng,ㄉㄚˋㄒㄩㄝˊㄕㄥ,university student/college student,audio/ㄉㄚˋㄒㄩㄝˊㄕㄥ.wav
到,到,dào,ㄉㄠˋ,to (a place),audio/ㄉㄠˋ.wav
得到,得到,dé dào,ㄉㄜˊㄉㄠˋ,to get/to obtain/to receive,audio/ㄉㄜˊㄉㄠˋ.wav
地,地,de,ㄉㄜ˙,particle before verb/adjective,audio/ㄉㄜ˙.wav
的,的,de,ㄉㄜ˙,possesive particle,audio/ㄉㄜ˙.wav
等,等,děng,ㄉㄥˇ,class/rank,audio/ㄉㄥˇ.wav
地点,地點,dì diǎn,ㄉㄧˋㄉㄧㄢˇ,place/site/location/venue,audio/ㄉㄧˋㄉㄧㄢˇ.wav
地方,地方,dì fāng,ㄉㄧˋㄈㄤ˙,area/place/space/room/territory,audio/ㄉㄧˋㄈㄤ˙.wav
地上,地上,dì shang,ㄉㄧˋㄕㄤ˙,on the ground/on the floor,audio/ㄉㄧˋㄕㄤ˙.wav
地图,地圖,dì tú,ㄉㄧˋㄊㄨˊ,map,audio/ㄉㄧˋㄊㄨˊ.wav
弟弟,弟弟,dì di,ㄉㄧˋㄉㄧ˙,younger brother,audio/ㄉㄧˋㄉㄧ˙.wav
第,第,dì,ㄉㄧˋ,"prefix before order numbers (e.g. ""first"")",audio/ㄉㄧˋ.wav
点,點,diǎn,ㄉㄧㄢˇ,o'clock,audio/ㄉㄧㄢˇ.wav
电,電,diàn,ㄉㄧㄢˋ,electric,audio/ㄉㄧㄢˋ.wav
电话,電話,diàn huà,ㄉㄧㄢˋㄏㄨㄚˋ,telephone/phone call,audio/ㄉㄧㄢˋㄏㄨㄚˋ.wav
电脑,電腦,diàn nǎo,ㄉㄧㄢˋㄋㄠˇ,computer,audio/ㄉㄧㄢˋㄋㄠˇ.wav
电视,電視,diàn shì,ㄉㄧㄢˋㄕˋ,television,audio/ㄉㄧㄢˋㄕˋ.wav
电视机,電視機,diàn shì jī,ㄉㄧㄢˋㄕˋㄐㄧ,television set,audio/ㄉㄧㄢˋㄕˋㄐㄧ.wav
电影,電影,diàn yǐng,ㄉㄧㄢˋㄧㄥˇ,movie/film,audio/ㄉㄧㄢˋㄧㄥˇ.wav
电影院,電影院,diàn yǐng yuàn,ㄉㄧㄢˋㄧㄥˇㄩㄢˋ,cinema/movie theater,audio/ㄉㄧㄢˋㄧㄥˇㄩㄢˋ.wav
东,東,dōng,ㄉㄨㄥ,east,audio/ㄉㄨㄥ.wav
东边,東邊,dōng bian,ㄉㄨㄥㄅㄧㄢ˙,east/east side/eastern part/to the east of,audio/ㄉㄨㄥㄅㄧㄢ˙.wav
东西,東西,dōng xī,ㄉㄨㄥㄒㄧ˙,thing/stuff/person,audio/ㄉㄨㄥㄒㄧ˙.wav
动,動,dòng,ㄉㄨㄥˋ,to use/to act,audio/ㄉㄨㄥˋ.wav
动作,動作,dòng zuò,ㄉㄨㄥˋㄗㄨㄛˋ,movement/motion/action/to move,audio/ㄉㄨㄥˋㄗㄨㄛˋ.wav
都,都,dōu,ㄉㄡ,all,audio/ㄉㄡ.wav
读,讀,dú,ㄉㄨˊ,to read/to study,audio/ㄉㄨˊ.wav
读书,讀書,dú shū,ㄉㄨˊㄕㄨ,to read a book/to study/to attend school,audio/ㄉㄨˊㄕㄨ.wav
对,對,duì,ㄉㄨㄟˋ,couple/to be opposite,audio/ㄉㄨㄟˋ.wav
对不起,對不起,duì bu qǐ,ㄉㄨㄟˋㄅㄨ˙ㄑㄧˇ,I'm sorry/excuse me/I beg your pardon/to let down,audio/ㄉㄨㄟˋㄅㄨ˙ㄑㄧˇ.wav
多,多,duō,ㄉㄨㄛ,many,audio/ㄉㄨㄛ.wav
多少,多少,duō shao,ㄉㄨㄛㄕㄠ˙,how much?/how many?/(student ID,phone number,etc) what number?,audio/ㄉㄨㄛㄕㄠ˙.wav
饿,餓,è,ㄜˋ,hungry,audio/ㄜˋ.wav
儿子,兒子,ér zi,ㄦˊㄗ˙,son,audio/ㄦˊㄗ˙.wav
二,二,èr,ㄦˊ,two,audio/ㄦˊ.wav
饭,飯,fàn,ㄈㄢˋ,food/cuisine,audio/ㄈㄢˋ.wav
饭店,飯店,fàn diàn,ㄈㄢˋㄉㄧㄢˋ,restaurant/hotel,audio/ㄈㄢˋㄉㄧㄢˋ.wav
房间,房間,fáng jiān,ㄈㄤˊㄐㄧㄢ,room,audio/ㄈㄤˊㄐㄧㄢ.wav
房子,房子,fáng zi,ㄈㄤˊㄗ˙,house/building (single- or two-story)/apartment,audio/ㄈㄤˊㄗ˙.wav
放,放,fàng,ㄈㄤˋ,to release,audio/ㄈㄤˋ.wav
放假,放假,fàng jià,ㄈㄤˋㄐㄧㄚˋ,to have a holiday or vacation,audio/ㄈㄤˋㄐㄧㄚˋ.wav
放学,放學,fàng xué,ㄈㄤˋㄒㄩㄝˊ,to dismiss students at the end of the school day,audio/ㄈㄤˋㄒㄩㄝˊ.wav
飞,飛,fēi,ㄈㄟ,to fly,audio/ㄈㄟ.wav
飞机,飛機,fēi jī,ㄈㄟㄐㄧ,airplane,audio/ㄈㄟㄐㄧ.wav
非常,非常,fēi cháng,ㄈㄟㄔㄤˊ,very/really/unusual/extraordinary,audio/ㄈㄟㄔㄤˊ.wav
分,分,fēn,ㄈㄣ,to divide/minute,audio/ㄈㄣ.wav
风,風,fēng,ㄈㄥ,wind,audio/ㄈㄥ.wav
干,幹,gàn,ㄍㄢˋ,to do/main part of sth,audio/ㄍㄢˋ.wav
干净,乾淨,gān jìng,ㄍㄢㄐㄧㄥˋ,clean/neat,audio/ㄍㄢㄐㄧㄥˋ.wav
干什么,幹什麼,gàn shén me,ㄍㄢˋㄕㄣˊㄇㄜ˙,what are you doing?/what's he up to?,audio/ㄍㄢˋㄕㄣˊㄇㄜ˙.wav
高,高,gāo,ㄍㄠ,high/tall,audio/ㄍㄠ.wav
高兴,高興,gāo xìng,ㄍㄠㄒㄧㄥˋ,happy/glad/willing (to do sth)/in a cheerful mood,audio/ㄍㄠㄒㄧㄥˋ.wav
告诉,告訴,gào su,ㄍㄠˋㄙㄨ˙,to tell/to inform/to let know,audio/ㄍㄠˋㄙㄨ˙.wav
哥哥,哥哥,gē ge,ㄍㄜㄍㄜ˙,older brother,audio/ㄍㄜㄍㄜ˙.wav
歌,歌,gē,ㄍㄜ,song,audio/ㄍㄜ.wav
个,個,gè,ㄍㄜˋ,individual,audio/ㄍㄜˋ.wav
给,給,gěi,ㄍㄟˇ,to give,audio/ㄍㄟˇ.wav
跟,跟,gēn,ㄍㄣ,to follow,audio/ㄍㄣ.wav
工人,工人,gōng rén,ㄍㄨㄥㄖㄣˊ,worker,audio/ㄍㄨㄥㄖㄣˊ.wav
工作,工作,gōng zuò,ㄍㄨㄥㄗㄨㄛˋ,to work/(of a machine) to operate/job/work/task,audio/ㄍㄨㄥㄗㄨㄛˋ.wav
关,關,guān,ㄍㄨㄢ,to shut/to close,audio/ㄍㄨㄢ.wav
关上,關上,guān shàng,ㄍㄨㄢㄕㄤˋ,to close (a door)/to turn off (light,electrical equipment etc),audio/ㄍㄨㄢㄕㄤˋ.wav
贵,貴,guì,ㄍㄨㄟˋ,expensive/noble,audio/ㄍㄨㄟˋ.wav
国,國,guó,ㄍㄨㄛˊ,country,audio/ㄍㄨㄛˊ.wav
国家,國家,guó jiā,ㄍㄨㄛˊㄐㄧㄚ,country/nation; state,audio/ㄍㄨㄛˊㄐㄧㄚ.wav
国外,國外,guó wài,ㄍㄨㄛˊㄨㄞˋ,abroad/external (affairs)/overseas/foreign,audio/ㄍㄨㄛˊㄨㄞˋ.wav
过,過,guò,ㄍㄨㄛˋ,to cross/to go over,audio/ㄍㄨㄛˋ.wav
还,還,hái,ㄏㄞˊ,also,audio/ㄏㄞˊ.wav
还是,還是,hái shi,ㄏㄞˊㄕ˙,still (as before)/had better/unexpectedly,audio/ㄏㄞˊㄕ˙.wav
还有,還有,hái yǒu,ㄏㄞˊㄧㄡˇ,there still remain(s)/there is (or are) still/in addition,audio/ㄏㄞˊㄧㄡˇ.wav
孩子,孩子,hái zi,ㄏㄞˊㄗ˙,child,audio/ㄏㄞˊㄗ˙.wav
汉语,漢語,Hàn yǔ,ㄏㄢˋㄩˇ,Chinese language,audio/ㄏㄢˋㄩˇ.wav
汉字,漢字,hàn zì,ㄏㄢˋㄗˋ,Chinese character(s),audio/ㄏㄢˋㄗˋ.wav
好,好,hǎo,ㄏㄠˇ,good,audio/ㄏㄠˇ.wav
好吃,好吃,hǎo chī,ㄏㄠˇㄔ,tasty/delicious,audio/ㄏㄠˇㄔ.wav
好看,好看,hǎo kàn,ㄏㄠˇㄎㄢˋ,good-looking/(of a movie,book,etc) good/in an embarrassing situation,audio/ㄏㄠˇㄎㄢˋ.wav
好听,好聽,hǎo tīng,ㄏㄠˇㄊㄧㄥ,pleasant to hear,audio/ㄏㄠˇㄊㄧㄥ.wav
好玩儿,好玩兒,hǎo wán r,ㄏㄠˇㄨㄢˊㄦ˙,interesting/delightful/amusing,audio/ㄏㄠˇㄨㄢˊㄦ˙.wav
号,號,hào,ㄏㄠˋ,ordinal number,audio/ㄏㄠˋ.wav
喝,喝,hē,ㄏㄜ,to drink,audio/ㄏㄜ.wav
和,和,hé,ㄏㄜˊ,and,audio/ㄏㄜˊ.wav
很,很,hěn,ㄏㄣˇ,very,audio/ㄏㄣˇ.wav
后,後,hòu,ㄏㄡˋ,empress/queen,audio/ㄏㄡˋ.wav
后边,後邊,hòu bian,ㄏㄡˋㄅㄧㄢ˙,the back/the rear/the last bit/behind/near the end/at the back/later,audio/ㄏㄡˋㄅㄧㄢ˙.wav
后天,後天,hòu tiān,ㄏㄡˋㄊㄧㄢ,the day after tomorrow/life after birth,audio/ㄏㄡˋㄊㄧㄢ.wav
花,花,huā,ㄏㄨㄚ,flower,audio/ㄏㄨㄚ.wav
话,話,huà,ㄏㄨㄚˋ,speech,audio/ㄏㄨㄚˋ.wav
坏,壞,huài,ㄏㄨㄞˋ,bad/spoiled,audio/ㄏㄨㄞˋ.wav
回,回,huí,ㄏㄨㄟˊ,to return,audio/ㄏㄨㄟˊ.wav
回答,回答,huí dá,ㄏㄨㄟˊㄉㄚˊ,to reply/to answer/reply/answer,audio/ㄏㄨㄟˊㄉㄚˊ.wav
回到,回到,huí dào,ㄏㄨㄟˊㄉㄠˋ,to return to,audio/ㄏㄨㄟˊㄉㄠˋ.wav
回家,回家,huí jiā,ㄏㄨㄟˊㄐㄧㄚ,to return home,audio/ㄏㄨㄟˊㄐㄧㄚ.wav
回来,回來,huí lai,ㄏㄨㄟˊㄌㄞ˙,to return/to come back,audio/ㄏㄨㄟˊㄌㄞ˙.wav
回去,回去,huí qu,ㄏㄨㄟˊㄑㄩ˙,to return/to go back,audio/ㄏㄨㄟˊㄑㄩ˙.wav
会,會,huì,ㄏㄨㄟˋ,to meet/to be possible,audio/ㄏㄨㄟˋ.wav
火车,火車,huǒ chē,ㄏㄨㄛˇㄔㄜ,train,audio/ㄏㄨㄛˇㄔㄜ.wav
机场,機場,jī chǎng,ㄐㄧㄔㄤˇ,airport,audio/ㄐㄧㄔㄤˇ.wav
机票,機票,jī piào,ㄐㄧㄆㄧㄠˋ,air ticket/passenger ticket,audio/ㄐㄧㄆㄧㄠˋ.wav
鸡蛋,雞蛋,jī dàn,ㄐㄧㄉㄢˋ,(chicken) egg/hen's egg,audio/ㄐㄧㄉㄢˋ.wav
几,幾,jǐ,ㄐㄧˇ,how much,audio/ㄐㄧˇ.wav
记,記,jì,ㄐㄧˋ,to remember/to record,audio/ㄐㄧˋ.wav
记得,記得,jì de,ㄐㄧˋㄉㄜ˙,to remember,audio/ㄐㄧˋㄉㄜ˙.wav
记住,記住,jì zhu,ㄐㄧˋㄓㄨ˙,to remember/to bear in mind/to learn by heart,audio/ㄐㄧˋㄓㄨ˙.wav
家,家,jiā,ㄐㄧㄚ,home/family,audio/ㄐㄧㄚ.wav
家里,家裡,jiā lǐ,ㄐㄧㄚㄌㄧˇ,home,audio/ㄐㄧㄚㄌㄧˇ.wav
家人,家人,jiā rén,ㄐㄧㄚㄖㄣˊ,family member,audio/ㄐㄧㄚㄖㄣˊ.wav
间,間,jiān,ㄐㄧㄢ,between/among,audio/ㄐㄧㄢ.wav
见,見,jiàn,ㄐㄧㄢˋ,to see/to meet,audio/ㄐㄧㄢˋ.wav
见面,見面,jiàn miàn,ㄐㄧㄢˋㄇㄧㄢˋ,to meet/see each other,audio/ㄐㄧㄢˋㄇㄧㄢˋ.wav
教,教,jiào,ㄐㄧㄠˋ,teaching/to make/religion,audio/ㄐㄧㄠˋ.wav
叫,叫,jiào,ㄐㄧㄠˋ,to (be) call(ed),audio/ㄐㄧㄠˋ.wav
教学楼,教學樓,jiào xué lóu,ㄐㄧㄠˋㄒㄩㄝˊㄌㄡˊ,school building/academic building,audio/ㄐㄧㄠˋㄒㄩㄝˊㄌㄡˊ.wav
姐姐,姐姐,jiě jie,ㄐㄧㄝˇㄐㄧㄝ˙,older sister,audio/ㄐㄧㄝˇㄐㄧㄝ˙.wav
介绍,介紹,jiè shào,ㄐㄧㄝˋㄕㄠˋ,to introduce (sb to sb)/ to give a presentation/introduction,audio/ㄐㄧㄝˋㄕㄠˋ.wav
今年,今年,jīn nián,ㄐㄧㄣㄋㄧㄢˊ,this year,audio/ㄐㄧㄣㄋㄧㄢˊ.wav
今天,今天,jīn tiān,ㄐㄧㄣㄊㄧㄢ,today/the present time/now,audio/ㄐㄧㄣㄊㄧㄢ.wav
进,進,jìn,ㄐㄧㄣˋ,advance/enter,audio/ㄐㄧㄣˋ.wav
进来,進來,jìn lái,ㄐㄧㄣˋㄌㄞˊ,to come in,audio/ㄐㄧㄣˋㄌㄞˊ.wav
进去,進去,jìn qù,ㄐㄧㄣˋㄑㄩˋ,to go in,audio/ㄐㄧㄣˋㄑㄩˋ.wav
九,九,jiǔ,ㄐㄧㄡˇ,nine,audio/ㄐㄧㄡˇ.wav
就,就,jiù,ㄐㄧㄡˋ,at once/then/only,audio/ㄐㄧㄡˋ.wav
觉得,覺得,jué de,ㄐㄩㄝˊㄉㄜ˙,to think that.../to feel that .../to feel (uncomfortable etc),audio/ㄐㄩㄝˊㄉㄜ˙.wav
开,開,kāi,ㄎㄞ,open,audio/ㄎㄞ.wav
开车,開車,kāi chē,ㄎㄞㄔㄜ,to drive a car,audio/ㄎㄞㄔㄜ.wav
开会,開會,kāi huì,ㄎㄞㄏㄨㄟˋ,to hold a meeting/to attend a meeting,audio/ㄎㄞㄏㄨㄟˋ.wav
开玩笑,開玩笑,kāi wán xiào,ㄎㄞㄨㄢˊㄒㄧㄠˋ,to play a joke/to make fun of/to joke,audio/ㄎㄞㄨㄢˊㄒㄧㄠˋ.wav
看,看,kàn,ㄎㄢˋ,to see/to look at,audio/ㄎㄢˋ.wav
看病,看病,kàn bìng,ㄎㄢˋㄅㄧㄥˋ,to visit a doctor/to see a patient,audio/ㄎㄢˋㄅㄧㄥˋ.wav
看到,看到,kàn dào,ㄎㄢˋㄉㄠˋ,to see,audio/ㄎㄢˋㄉㄠˋ.wav
看见,看見,kàn jiàn,ㄎㄢˋㄐㄧㄢˋ,to see/to catch sight of,audio/ㄎㄢˋㄐㄧㄢˋ.wav
考,考,kǎo,ㄎㄠˇ,to check,audio/ㄎㄠˇ.wav
考试,考試,kǎo shì,ㄎㄠˇㄕˋ,to take an exam/exam,audio/ㄎㄠˇㄕˋ.wav
渴,渴,kě,ㄎㄜˇ,thirsty,audio/ㄎㄜˇ.wav
课,課,kè,ㄎㄜˋ,subject/class,audio/ㄎㄜˋ.wav
课本,課本,kè běn,ㄎㄜˋㄅㄣˇ,textbook,audio/ㄎㄜˋㄅㄣˇ.wav
课文,課文,kè wén,ㄎㄜˋㄨㄣˊ,text,audio/ㄎㄜˋㄨㄣˊ.wav
口,口,kǒu,ㄎㄡˇ,mouth,audio/ㄎㄡˇ.wav
快,快,kuài,ㄎㄨㄞˋ,fast/quick,audio/ㄎㄨㄞˋ.wav
块,塊,kuài,ㄎㄨㄞˋ,piece/chunk,audio/ㄎㄨㄞˋ.wav
来,來,lái,ㄌㄞˊ,to come,audio/ㄌㄞˊ.wav
来到,來到,lái dào,ㄌㄞˊㄉㄠˋ,to arrive/to come,audio/ㄌㄞˊㄉㄠˋ.wav
老,老,lǎo,ㄌㄠˇ,prefix used before a persons surname,audio/ㄌㄠˇ.wav
老,老,lǎo,ㄌㄠˇ,prefix used to indicate affection or familiarity,audio/ㄌㄠˇ.wav
老人,老人,lǎo rén,ㄌㄠˇㄖㄣˊ,old man or woman/the elderly/one's aged parents or grandparents,audio/ㄌㄠˇㄖㄣˊ.wav
老师,老師,lǎo shī,ㄌㄠˇㄕ,teacher,audio/ㄌㄠˇㄕ.wav
了,了,le,ㄌㄜ˙,completed action marker,audio/ㄌㄜ˙.wav
累,累,lèi,ㄌㄟˋ,tired,audio/ㄌㄟˋ.wav
冷,冷,lěng,ㄌㄥˇ,cold,audio/ㄌㄥˇ.wav
里,裏,lǐ,ㄌㄧˇ,lining/interior,audio/ㄌㄧˇ.wav
里边,裡邊,lǐ bian,ㄌㄧˇㄅㄧㄢ˙,inside,audio/ㄌㄧˇㄅㄧㄢ˙.wav
两,兩,liǎng,ㄌㄧㄤˇ,both,audio/ㄌㄧㄤˇ.wav
零,零,líng,ㄌㄧㄥˊ,zero,audio/ㄌㄧㄥˊ.wav
六,六,liù,ㄌㄧㄡˋ,six,audio/ㄌㄧㄡˋ.wav
楼,樓,lóu,ㄌㄡˊ,storied building/floor,audio/ㄌㄡˊ.wav
楼上,樓上,lóu shàng,ㄌㄡˊㄕㄤˋ,upstairs/(Internet slang) previous poster in a thread,audio/ㄌㄡˊㄕㄤˋ.wav
楼下,樓下,lóu xià,ㄌㄡˊㄒㄧㄚˋ,downstairs,audio/ㄌㄡˊㄒㄧㄚˋ.wav
路,路,lù,ㄌㄨˋ,road/path,audio/ㄌㄨˋ.wav
路口,路口,lù kǒu,ㄌㄨˋㄎㄡˇ,crossing/intersection (of roads),audio/ㄌㄨˋㄎㄡˇ.wav
路上,路上,lù shang,ㄌㄨˋㄕㄤ˙,on the road/on the way/en route,audio/ㄌㄨˋㄕㄤ˙.wav
妈妈,媽媽,mā ma,ㄇㄚㄇㄚ˙,mamma/mommy/mother,audio/ㄇㄚㄇㄚ˙.wav
马路,馬路,mǎ lù,ㄇㄚˇㄌㄨˋ,street/road,audio/ㄇㄚˇㄌㄨˋ.wav
马上,馬上,mǎ shàng,ㄇㄚˇㄕㄤˋ,at once/right away/immediately/on horseback,audio/ㄇㄚˇㄕㄤˋ.wav
吗,嗎,ma,ㄇㄚ˙,y/n question particle,audio/ㄇㄚ˙.wav
买,買,mǎi,ㄇㄞˇ,buy,audio/ㄇㄞˇ.wav
慢,慢,màn,ㄇㄢˋ,slow,audio/ㄇㄢˋ.wav
忙,忙,máng,ㄇㄤˊ,busy,audio/ㄇㄤˊ.wav
毛,毛,máo,ㄇㄠˊ,hair/pore/fur,audio/ㄇㄠˊ.wav
没,沒,méi,ㄇㄟˊ,negative prefix for verbs,audio/ㄇㄟˊ.wav
没关系,沒關係,méi guān xi,ㄇㄟˊㄍㄨㄢㄒㄧ˙,it doesn't matter,audio/ㄇㄟˊㄍㄨㄢㄒㄧ˙.wav
没什么,沒什麼,méi shén me,ㄇㄟˊㄕㄣˊㄇㄜ˙,it doesn't matter/it's nothing/never mind/it's my pleasure/you're welcome,audio/ㄇㄟˊㄕㄣˊㄇㄜ˙.wav
没事儿,沒事兒,méi shì r,ㄇㄟˊㄕˋㄦ˙,to have spare time/free from work/it's not important/never mind,audio/ㄇㄟˊㄕˋㄦ˙.wav
没有,沒有,méi yǒu,ㄇㄟˊㄧㄡˇ,haven't/hasn't/doesn't exist/to not have/to not be,audio/ㄇㄟˊㄧㄡˇ.wav
妹妹,妹妹,mèi mei,ㄇㄟˋㄇㄟ˙,younger sister/young woman,audio/ㄇㄟˋㄇㄟ˙.wav
门,門,mén,ㄇㄣˊ,opening/door way/gate,audio/ㄇㄣˊ.wav
门口,門口,mén kǒu,ㄇㄣˊㄎㄡˇ,doorway/gate,audio/ㄇㄣˊㄎㄡˇ.wav
门票,門票,mén piào,ㄇㄣˊㄆㄧㄠˋ,ticket (for theater,cinema etc),audio/ㄇㄣˊㄆㄧㄠˋ.wav
们,們,men,ㄇㄣ˙,plural marker for pronouns,audio/ㄇㄣ˙.wav
米饭,米飯,mǐ fàn,ㄇㄧˇㄈㄢˋ,(cooked) rice,audio/ㄇㄧˇㄈㄢˋ.wav
面包,麵包,miàn bāo,ㄇㄧㄢˋㄅㄠ,bread,audio/ㄇㄧㄢˋㄅㄠ.wav
面条儿,麵條兒,miàn tiáo r,ㄇㄧㄢˋㄊㄧㄠˊㄦ˙,noodles,audio/ㄇㄧㄢˋㄊㄧㄠˊㄦ˙.wav
名字,名字,míng zi,ㄇㄧㄥˊㄗ˙,name (of a person or a thing),audio/ㄇㄧㄥˊㄗ˙.wav
明白,明白,míng bai,ㄇㄧㄥˊㄅㄞ˙,obvious/sensible/reasonable/to understand/to realize,audio/ㄇㄧㄥˊㄅㄞ˙.wav
明年,明年,míng nián,ㄇㄧㄥˊㄋㄧㄢˊ,next year,audio/ㄇㄧㄥˊㄋㄧㄢˊ.wav
明天,明天,míng tiān,ㄇㄧㄥˊㄊㄧㄢ,tomorrow,audio/ㄇㄧㄥˊㄊㄧㄢ.wav
拿,拿,ná,ㄋㄚˊ,to hold/to seize,audio/ㄋㄚˊ.wav
哪,哪,nǎ,ㄋㄚˇ,how/which,audio/ㄋㄚˇ.wav
哪里,哪裏,nǎ lǐ,ㄋㄚˇㄌㄧˇ,where?/somewhere/anywhere/wherever,audio/ㄋㄚˇㄌㄧˇ.wav
哪儿,哪兒,nǎ r,ㄋㄚˇㄦ˙,where?/wherever/somewhere/(rhetorical questions) how can...?/how could...?,audio/ㄋㄚˇㄦ˙.wav
哪些,哪些,nǎ xiē,ㄋㄚˇㄒㄧㄝ,which ones?/who?/what?,audio/ㄋㄚˇㄒㄧㄝ.wav
那,那,nà,ㄋㄚˋ,that/those,audio/ㄋㄚˋ.wav
那边,那邊,nà bian,ㄋㄚˋㄅㄧㄢ˙,over there/yonder,audio/ㄋㄚˋㄅㄧㄢ˙.wav
那里,那裏,nà li,ㄋㄚˋㄌㄧ˙,there/that place,audio/ㄋㄚˋㄌㄧ˙.wav
那儿,那兒,nà r,ㄋㄚˋㄦ˙,there,audio/ㄋㄚˋㄦ˙.wav
那些,那些,nà xiē,ㄋㄚˋㄒㄧㄝ,those,audio/ㄋㄚˋㄒㄧㄝ.wav
奶,奶,nǎi,ㄋㄞˇ,breast/milk/to breastfeed,audio/ㄋㄞˇ.wav
奶奶,奶奶,nǎi nai,ㄋㄞˇㄋㄞ˙,(informal) grandma (paternal grandmother)/(respectful) mistress of the house,audio/ㄋㄞˇㄋㄞ˙.wav
男,男,nán,ㄋㄢˊ,male,audio/ㄋㄢˊ.wav
男孩儿,男孩兒,nán hái r,ㄋㄢˊㄏㄞˊㄦ˙,boy,audio/ㄋㄢˊㄏㄞˊㄦ˙.wav
男朋友,男朋友,nán péng you,ㄋㄢˊㄆㄥˊㄧㄡ˙,boyfriend,audio/ㄋㄢˊㄆㄥˊㄧㄡ˙.wav
男人,男人,nán rén,ㄋㄢˊㄖㄣˊ,a man/a male/men,audio/ㄋㄢˊㄖㄣˊ.wav
男生,男生,nán shēng,ㄋㄢˊㄕㄥ,schoolboy/male student,audio/ㄋㄢˊㄕㄥ.wav
南,南,nán,ㄋㄢˊ,south,audio/ㄋㄢˊ.wav
南边,南邊,nán bian,ㄋㄢˊㄅㄧㄢ˙,south/southern part/to the south of,audio/ㄋㄢˊㄅㄧㄢ˙.wav
难,難,nán,ㄋㄢˊ,difficult/problem,audio/ㄋㄢˊ.wav
呢,呢,ne,ㄋㄜ˙,"question particle (e.g. ""What about...?"")",audio/ㄋㄜ˙.wav
能,能,néng,ㄋㄥˊ,can/may,audio/ㄋㄥˊ.wav
你,你,nǐ,ㄋㄧˇ,you,audio/ㄋㄧˇ.wav
你们,你們,nǐ men,ㄋㄧˇㄇㄣ˙,you (plural),audio/ㄋㄧˇㄇㄣ˙.wav
年,年,nián,ㄋㄧㄢˊ,year,audio/ㄋㄧㄢˊ.wav
您,您,nín,ㄋㄧㄣˊ,you (formal),audio/ㄋㄧㄣˊ.wav
牛奶,牛奶,niú nǎi,ㄋㄧㄡˊㄋㄞˇ,cow's milk,audio/ㄋㄧㄡˊㄋㄞˇ.wav
女,女,nǚ,ㄋㄩˇ,female/woman,audio/ㄋㄩˇ.wav
女儿,女兒,nǚ ér,ㄋㄩˇㄦˊ,daughter,audio/ㄋㄩˇㄦˊ.wav
女孩儿,女孩兒,nǚ hái r,ㄋㄩˇㄏㄞˊㄦ˙,girl/lass,audio/ㄋㄩˇㄏㄞˊㄦ˙.wav
女朋友,女朋友,nǚ péng you,ㄋㄩˇㄆㄥˊㄧㄡ˙,girlfriend,audio/ㄋㄩˇㄆㄥˊㄧㄡ˙.wav
女人,女人,nǚ rén,ㄋㄩˇㄖㄣˊ,women,audio/ㄋㄩˇㄖㄣˊ.wav
女生,女生,nǚ shēng,ㄋㄩˇㄕㄥ,schoolgirl/female student/girl,audio/ㄋㄩˇㄕㄥ.wav
旁边,旁邊,páng biān,ㄆㄤˊㄅㄧㄢ,side/adjacent place,audio/ㄆㄤˊㄅㄧㄢ.wav
跑,跑,pǎo,ㄆㄠˇ,to run/to escape,audio/ㄆㄠˇ.wav
朋友,朋友,péng you,ㄆㄥˊㄧㄡ˙,friend,audio/ㄆㄥˊㄧㄡ˙.wav
票,票,piào,ㄆㄧㄠˋ,bank note/ticket,audio/ㄆㄧㄠˋ.wav
七,七,qī,ㄑㄧ,seven,audio/ㄑㄧ.wav
起,起,qǐ,ㄑㄧˇ,to rise/to raise,audio/ㄑㄧˇ.wav
起床,起床,qǐ chuáng,ㄑㄧˇㄔㄨㄤˊ,to get out of bed/to get up,audio/ㄑㄧˇㄔㄨㄤˊ.wav
起来,起來,qǐ lai,ㄑㄧˇㄌㄞ˙,to stand up/to get up,audio/ㄑㄧˇㄌㄞ˙.wav
汽车,汽車,qì chē,ㄑㄧˋㄔㄜ,car/automobile/bus,audio/ㄑㄧˋㄔㄜ.wav
前,前,qián,ㄑㄧㄢˊ,before/in front,audio/ㄑㄧㄢˊ.wav
前边,前邊,qián bian,ㄑㄧㄢˊㄅㄧㄢ˙,front/the front side/in front of,audio/ㄑㄧㄢˊㄅㄧㄢ˙.wav
前天,前天,qián tiān,ㄑㄧㄢˊㄊㄧㄢ,the day before yesterday,audio/ㄑㄧㄢˊㄊㄧㄢ.wav
钱,錢,qián,ㄑㄧㄢˊ,coin/money,audio/ㄑㄧㄢˊ.wav
钱包,錢包,qián bāo,ㄑㄧㄢˊㄅㄠ,purse/wallet,audio/ㄑㄧㄢˊㄅㄠ.wav
请,請,qǐng,ㄑㄧㄥˇ,to ask/to request,audio/ㄑㄧㄥˇ.wav
请假,請假,qǐng jià,ㄑㄧㄥˇㄐㄧㄚˋ,to request leave of absence,audio/ㄑㄧㄥˇㄐㄧㄚˋ.wav
请进,請進,qǐng jìn,ㄑㄧㄥˇㄐㄧㄣˋ,"""please come in""",audio/ㄑㄧㄥˇㄐㄧㄣˋ.wav
请问,請問,qǐng wèn,ㄑㄧㄥˇㄨㄣˋ,Excuse me may I ask...?,audio/ㄑㄧㄥˇㄨㄣˋ.wav
请坐,請坐,qǐng zuò,ㄑㄧㄥˇㄗㄨㄛˋ,please have a seat,audio/ㄑㄧㄥˇㄗㄨㄛˋ.wav
球,球,qiú,ㄑㄧㄡˊ,ball/sphere,audio/ㄑㄧㄡˊ.wav
去,去,qù,ㄑㄩˋ,to go/to leave/to remove,audio/ㄑㄩˋ.wav
去年,去年,qù nián,ㄑㄩˋㄋㄧㄢˊ,last year,audio/ㄑㄩˋㄋㄧㄢˊ.wav
热,熱,rè,ㄖㄜˋ,heat/to heat up/hot (weather),audio/ㄖㄜˋ.wav
人,人,rén,ㄖㄣˊ,man/person/people,audio/ㄖㄣˊ.wav
认识,認識,rèn shi,ㄖㄣˋㄕ˙,to know/to recognize/to be familiar with,audio/ㄖㄣˋㄕ˙.wav
认真,認真,rèn zhēn,ㄖㄣˋㄓㄣ,conscientious/earnest/serious/to take seriously,audio/ㄖㄣˋㄓㄣ.wav
日,日,rì,ㄖˋ,Japan/day/sun/date,audio/ㄖˋ.wav
日期,日期,rì qī,ㄖˋㄑㄧ,date,audio/ㄖˋㄑㄧ.wav
肉,肉,ròu,ㄖㄡˋ,meat/flesh,audio/ㄖㄡˋ.wav
三,三,sān,ㄙㄢ,three,audio/ㄙㄢ.wav
山,山,shān,ㄕㄢ,mountain/hill,audio/ㄕㄢ.wav
商场,商場,shāng chǎng,ㄕㄤㄔㄤˇ,shopping mall/shopping center/department store,audio/ㄕㄤㄔㄤˇ.wav
商店,商店,shāng diàn,ㄕㄤㄉㄧㄢˋ,store/shop,audio/ㄕㄤㄉㄧㄢˋ.wav
上,上,shàng,ㄕㄤˋ,on/on top/upon/upper,audio/ㄕㄤˋ.wav
上班,上班,shàng bān,ㄕㄤˋㄅㄢ,to go to work/to be on duty/to start work,audio/ㄕㄤˋㄅㄢ.wav
上边,上邊,shàng bian,ㄕㄤˋㄅㄧㄢ˙,the top/above/overhead/upwards/the top margin,audio/ㄕㄤˋㄅㄧㄢ˙.wav
上车,上車,shàng chē,ㄕㄤˋㄔㄜ,to get on or into (a bus,train,car etc),audio/ㄕㄤˋㄔㄜ.wav
上次,上次,shàng cì,ㄕㄤˋㄘˋ,last time,audio/ㄕㄤˋㄘˋ.wav
上课,上課,shàng kè,ㄕㄤˋㄎㄜˋ,to go to class/to attend class/to go to teach a class,audio/ㄕㄤˋㄎㄜˋ.wav
上网,上網,shàng wǎng,ㄕㄤˋㄨㄤˇ,to go online/to connect to the Internet/(file) to be uploaded to the Internet,audio/ㄕㄤˋㄨㄤˇ.wav
上午,上午,shàng wǔ,ㄕㄤˋㄨˇ,morning,audio/ㄕㄤˋㄨˇ.wav
上学,上學,shàng xué,ㄕㄤˋㄒㄩㄝˊ,to go to school/to attend school,audio/ㄕㄤˋㄒㄩㄝˊ.wav
少,少,shǎo,ㄕㄠˇ,few/little/lack/young,audio/ㄕㄠˇ.wav
谁,誰,shéi,ㄕㄟˊ,who,audio/ㄕㄟˊ.wav
身上,身上,shēn shang,ㄕㄣㄕㄤ˙,on the body/at hand/among,audio/ㄕㄣㄕㄤ˙.wav
身体,身體,shēn tǐ,ㄕㄣㄊㄧˇ,the body/one's health,audio/ㄕㄣㄊㄧˇ.wav
什么,什麼,shén me,ㄕㄣˊㄇㄜ˙,what?,audio/ㄕㄣˊㄇㄜ˙.wav
生病,生病,shēng bìng,ㄕㄥㄅㄧㄥˋ,to fall ill,audio/ㄕㄥㄅㄧㄥˋ.wav
生气,生氣,shēng qì,ㄕㄥㄑㄧˋ,to get angry/to be furious/vitality/liveliness,audio/ㄕㄥㄑㄧˋ.wav
生日,生日,shēng rì,ㄕㄥㄖˋ,birthday,audio/ㄕㄥㄖˋ.wav
十,十,shí,ㄕˊ,ten,audio/ㄕˊ.wav
时候,時候,shí hou,ㄕˊㄏㄡ˙,time/length of time/moment,audio/ㄕˊㄏㄡ˙.wav
时间,時間,shí jiān,ㄕˊㄐㄧㄢ,(concept of) time/(duration of) time/(point in) time,audio/ㄕˊㄐㄧㄢ.wav
事,事,shì,ㄕˋ,matter/thing/item/work,audio/ㄕˋ.wav
试,試,shì,ㄕˋ,to test/to try/experiment/exam,audio/ㄕˋ.wav
是,是,shì,ㄕˋ,is/are/am/to be,audio/ㄕˋ.wav
是不是,是不是,shì bù shì,ㄕˋㄅㄨˋㄕˋ,is or isn't/yes or no,audio/ㄕˋㄅㄨˋㄕˋ.wav
手,手,shǒu,ㄕㄡˇ,hand/convenient,audio/ㄕㄡˇ.wav
手机,手機,shǒu jī,ㄕㄡˇㄐㄧ,cell phone/mobile phone,audio/ㄕㄡˇㄐㄧ.wav
书,書,shū,ㄕㄨ,book/letter,audio/ㄕㄨ.wav
书包,書包,shū bāo,ㄕㄨㄅㄠ,schoolbag/satchel/bookbag,audio/ㄕㄨㄅㄠ.wav
书店,書店,shū diàn,ㄕㄨㄉㄧㄢˋ,bookstore,audio/ㄕㄨㄉㄧㄢˋ.wav
树,樹,shù,ㄕㄨˋ,tree,audio/ㄕㄨˋ.wav
水,水,shuǐ,ㄕㄨㄟˇ,water/river,audio/ㄕㄨㄟˇ.wav
水果,水果,shuǐ guǒ,ㄕㄨㄟˇㄍㄨㄛˇ,fruit,audio/ㄕㄨㄟˇㄍㄨㄛˇ.wav
睡,睡,shuì,ㄕㄨㄟˋ,to sleep,audio/ㄕㄨㄟˋ.wav
睡觉,睡覺,shuì jiào,ㄕㄨㄟˋㄐㄧㄠˋ,to go to bed/to sleep,audio/ㄕㄨㄟˋㄐㄧㄠˋ.wav
说,說,shuō,ㄕㄨㄛ,to speak/to say/to explain,audio/ㄕㄨㄛ.wav
说话,說話,shuō huà,ㄕㄨㄛㄏㄨㄚˋ,to speak/to say/to talk/to gossip,audio/ㄕㄨㄛㄏㄨㄚˋ.wav
四,四,sì,ㄙˋ,four,audio/ㄙˋ.wav
送,送,sòng,ㄙㄨㄥˋ,to deliver/to carry/to present,audio/ㄙㄨㄥˋ.wav
岁,歲,suì,ㄙㄨㄟˋ,year/years old,audio/ㄙㄨㄟˋ.wav
他,他,tā,ㄊㄚ,he/him,audio/ㄊㄚ.wav
他们,他們,tā men,ㄊㄚㄇㄣ˙,they/them,audio/ㄊㄚㄇㄣ˙.wav
她,她,tā,ㄊㄚ,she,audio/ㄊㄚ.wav
她们,她們,tā men,ㄊㄚㄇㄣ˙,they/them (females),audio/ㄊㄚㄇㄣ˙.wav
太,太,tài,ㄊㄞˋ,highest/greatest/too (much),audio/ㄊㄞˋ.wav
天,天,tiān,ㄊㄧㄢ,day/sky/heaven,audio/ㄊㄧㄢ.wav
天气,天氣,tiān qì,ㄊㄧㄢㄑㄧˋ,weather,audio/ㄊㄧㄢㄑㄧˋ.wav
听,聽,tīng,ㄊㄧㄥ,listen/hear/obey,audio/ㄊㄧㄥ.wav
听到,聽到,tīng dào,ㄊㄧㄥㄉㄠˋ,to hear,audio/ㄊㄧㄥㄉㄠˋ.wav
听见,聽見,tīng jiàn,ㄊㄧㄥㄐㄧㄢˋ,to hear,audio/ㄊㄧㄥㄐㄧㄢˋ.wav
听写,聽寫,tīng xiě,ㄊㄧㄥㄒㄧㄝˇ,dictation/(music) to transcribe by ear,audio/ㄊㄧㄥㄒㄧㄝˇ.wav
同学,同學,tóng xué,ㄊㄨㄥˊㄒㄩㄝˊ,fellow student/classmate,audio/ㄊㄨㄥˊㄒㄩㄝˊ.wav
图书馆,圖書館,tú shū guǎn,ㄊㄨˊㄕㄨㄍㄨㄢˇ,library,audio/ㄊㄨˊㄕㄨㄍㄨㄢˇ.wav
外,外,wài,ㄨㄞˋ,outside/foreign/in addition,audio/ㄨㄞˋ.wav
外边,外邊,wài bian,ㄨㄞˋㄅㄧㄢ˙,outside/outer surface/abroad,audio/ㄨㄞˋㄅㄧㄢ˙.wav
外国,外國,wài guó,ㄨㄞˋㄍㄨㄛˊ,foreign country,audio/ㄨㄞˋㄍㄨㄛˊ.wav
外语,外語,wài yǔ,ㄨㄞˋㄩˇ,foreign language,audio/ㄨㄞˋㄩˇ.wav
玩儿,玩兒,wán r,ㄨㄢˊㄦ˙,to play/to have fun/to hang out,audio/ㄨㄢˊㄦ˙.wav
晚,晚,wǎn,ㄨㄢˇ,evening/night/late,audio/ㄨㄢˇ.wav
晚饭,晚飯,wǎn fàn,ㄨㄢˇㄈㄢˋ,evening meal/dinner/supper,audio/ㄨㄢˇㄈㄢˋ.wav
晚上,晚上,wǎn shang,ㄨㄢˇㄕㄤ˙,evening/night,audio/ㄨㄢˇㄕㄤ˙.wav
网上,網上,wǎng shàng,ㄨㄤˇㄕㄤˋ,online,audio/ㄨㄤˇㄕㄤˋ.wav
网友,網友,wǎng yǒu,ㄨㄤˇㄧㄡˇ,online friend/netizen/Internet user,audio/ㄨㄤˇㄧㄡˇ.wav
忘,忘,wàng,ㄨㄤˋ,to forget/to overlook/to neglect,audio/ㄨㄤˋ.wav
忘记,忘記,wàng jì,ㄨㄤˋㄐㄧˋ,to forget,audio/ㄨㄤˋㄐㄧˋ.wav
问,問,wèn,ㄨㄣˋ,to ask,audio/ㄨㄣˋ.wav
我,我,wǒ,ㄨㄛˇ,I/me/myself,audio/ㄨㄛˇ.wav
我们,我們,wǒ men,ㄨㄛˇㄇㄣ˙,we/us/ourselves/our,audio/ㄨㄛˇㄇㄣ˙.wav
五,五,wǔ,ㄨˇ,five,audio/ㄨˇ.wav
午饭,午飯,wǔ fàn,ㄨˇㄈㄢˋ,lunch,audio/ㄨˇㄈㄢˋ.wav
西,西,xī,ㄒㄧ,west,audio/ㄒㄧ.wav
西边,西邊,xī biān,ㄒㄧㄅㄧㄢ,west/west side/western part/to the west of,audio/ㄒㄧㄅㄧㄢ.wav
洗,洗,xǐ,ㄒㄧˇ,to wash/to bathe,audio/ㄒㄧˇ.wav
洗手间,洗手間,xǐ shǒu jiān,ㄒㄧˇㄕㄡˇㄐㄧㄢ,toilet/lavatory/washroom,audio/ㄒㄧˇㄕㄡˇㄐㄧㄢ.wav
喜欢,喜歡,xǐ huan,ㄒㄧˇㄏㄨㄢ˙,to like/to be fond of,audio/ㄒㄧˇㄏㄨㄢ˙.wav
下,下,xià,ㄒㄧㄚˋ,under/second/next(week,etc.)/lower,audio/ㄒㄧㄚˋ.wav
下班,下班,xià bān,ㄒㄧㄚˋㄅㄢ,to finish work/next service (train,bus,etc),audio/ㄒㄧㄚˋㄅㄢ.wav
下边,下邊,xià bian,ㄒㄧㄚˋㄅㄧㄢ˙,under/the underside/below,audio/ㄒㄧㄚˋㄅㄧㄢ˙.wav
下车,下車,xià chē,ㄒㄧㄚˋㄔㄜ,to get off or out of (a bus,train,car etc),audio/ㄒㄧㄚˋㄔㄜ.wav
下次,下次,xià cì,ㄒㄧㄚˋㄘˋ,next time,audio/ㄒㄧㄚˋㄘˋ.wav
下课,下課,xià kè,ㄒㄧㄚˋㄎㄜˋ,to finish class/to get out of class,audio/ㄒㄧㄚˋㄎㄜˋ.wav
下午,下午,xià wǔ,ㄒㄧㄚˋㄨˇ,afternoon,audio/ㄒㄧㄚˋㄨˇ.wav
下雨,下雨,xià yǔ,ㄒㄧㄚˋㄩˇ,to rain,audio/ㄒㄧㄚˋㄩˇ.wav
先,先,xiān,ㄒㄧㄢ,early/prior/former,audio/ㄒㄧㄢ.wav
先生,先生,xiān sheng,ㄒㄧㄢㄕㄥ˙,teacher/gentleman/sir/mister/husband,audio/ㄒㄧㄢㄕㄥ˙.wav
现在,現在,xiàn zài,ㄒㄧㄢˋㄗㄞˋ,now/at present/at the moment/modern,audio/ㄒㄧㄢˋㄗㄞˋ.wav
想,想,xiǎng,ㄒㄧㄤˇ,to think/to believe/to suppose,audio/ㄒㄧㄤˇ.wav
小,小,xiǎo,ㄒㄧㄠˇ,small/tiny/few/young,audio/ㄒㄧㄠˇ.wav
小孩儿,小孩兒,xiǎo hái r,ㄒㄧㄠˇㄏㄞˊㄦ˙,child,audio/ㄒㄧㄠˇㄏㄞˊㄦ˙.wav
小姐,小姐,xiǎo jie,ㄒㄧㄠˇㄐㄧㄝ˙,young lady/miss/(slang) prostitute,audio/ㄒㄧㄠˇㄐㄧㄝ˙.wav
小朋友,小朋友,xiǎo péng yǒu,ㄒㄧㄠˇㄆㄥˊㄧㄡˇ,child/kid,audio/ㄒㄧㄠˇㄆㄥˊㄧㄡˇ.wav
小时,小時,xiǎo shí,ㄒㄧㄠˇㄕˊ,hour,audio/ㄒㄧㄠˇㄕˊ.wav
小学,小學,xiǎo xué,ㄒㄧㄠˇㄒㄩㄝˊ,elementary school/primary school,audio/ㄒㄧㄠˇㄒㄩㄝˊ.wav
小学生,小學生,xiǎo xué shēng,ㄒㄧㄠˇㄒㄩㄝˊㄕㄥ,primary school student/schoolchild,audio/ㄒㄧㄠˇㄒㄩㄝˊㄕㄥ.wav
笑,笑,xiào,ㄒㄧㄠˋ,laugh/smile,audio/ㄒㄧㄠˋ.wav
写,寫,xiě,ㄒㄧㄝˇ,to write,audio/ㄒㄧㄝˇ.wav
谢谢,謝謝,xiè xie,ㄒㄧㄝˋㄒㄧㄝ˙,to thank/thanks/thank you,audio/ㄒㄧㄝˋㄒㄧㄝ˙.wav
新,新,xīn,ㄒㄧㄣ,new/newly,audio/ㄒㄧㄣ.wav
新年,新年,xīn nián,ㄒㄧㄣㄋㄧㄢˊ,New Year,audio/ㄒㄧㄣㄋㄧㄢˊ.wav
星期,星期,xīng qī,ㄒㄧㄥㄑㄧ,week/day of the week/Sunday,audio/ㄒㄧㄥㄑㄧ.wav
星期日,星期日,Xīng qī rì,ㄒㄧㄥㄑㄧㄖˋ,Sunday,audio/ㄒㄧㄥㄑㄧㄖˋ.wav
星期天,星期天,Xīng qī tiān,ㄒㄧㄥㄑㄧㄊㄧㄢ,Sunday,audio/ㄒㄧㄥㄑㄧㄊㄧㄢ.wav
行,行,xíng,ㄒㄧㄥˊ,to walk/to go/to travel/a visit,audio/ㄒㄧㄥˊ.wav
休息,休息,xiū xi,ㄒㄧㄡㄒㄧ˙,rest/to rest,audio/ㄒㄧㄡㄒㄧ˙.wav
学,學,xué,ㄒㄩㄝˊ,earn/study/science/-ology,audio/ㄒㄩㄝˊ.wav
学生,學生,xué sheng,ㄒㄩㄝˊㄕㄥ˙,student/schoolchild,audio/ㄒㄩㄝˊㄕㄥ˙.wav
学习,學習,xué xí,ㄒㄩㄝˊㄒㄧˊ,to learn/to study,audio/ㄒㄩㄝˊㄒㄧˊ.wav
学校,學校,xué xiào,ㄒㄩㄝˊㄒㄧㄠˋ,school,audio/ㄒㄩㄝˊㄒㄧㄠˋ.wav
学院,學院,xué yuàn,ㄒㄩㄝˊㄩㄢˋ,college/educational institute/school,audio/ㄒㄩㄝˊㄩㄢˋ.wav
要,要,yào,ㄧㄠˋ,important/vital/to want/to ask for,audio/ㄧㄠˋ.wav
爷爷,爺爺,yé ye,ㄧㄝˊㄧㄝ˙,(coll.) paternal grandfather/grandpa,audio/ㄧㄝˊㄧㄝ˙.wav
也,也,yě,ㄧㄝˇ,also/too,audio/ㄧㄝˇ.wav
页,頁,yè,ㄧㄝˋ,page/leaf,audio/ㄧㄝˋ.wav
一,一,yī,ㄧ,one,audio/ㄧ.wav
衣服,衣服,yī fu,ㄧㄈㄨ˙,clothes,audio/ㄧㄈㄨ˙.wav
医生,醫生,yī shēng,ㄧㄕㄥ,doctor,audio/ㄧㄕㄥ.wav
医院,醫院,yī yuàn,ㄧㄩㄢˋ,hospital,audio/ㄧㄩㄢˋ.wav
一半,一半,yī bàn,ㄧㄅㄢˋ,half,audio/ㄧㄅㄢˋ.wav
一会儿,一會兒,yī huì r,ㄧㄏㄨㄟˋㄦ˙,a moment/a while/in a moment,audio/ㄧㄏㄨㄟˋㄦ˙.wav
一块儿,一塊兒,yī kuài r,ㄧㄎㄨㄞˋㄦ˙,a piece/a chunk,audio/ㄧㄎㄨㄞˋㄦ˙.wav
一下儿,一下兒,yī xià r,ㄧㄒㄧㄚˋㄦ˙,(after a verb) a bit/a little (duration)/all at once/suddenly,audio/ㄧㄒㄧㄚˋㄦ˙.wav
一样,一樣,yī yàng,ㄧㄧㄤˋ,same/like/equal to/the same as,audio/ㄧㄧㄤˋ.wav
一边,一邊,yī biān,ㄧㄅㄧㄢ,one side/either side/on the one hand/on the other hand,audio/ㄧㄅㄧㄢ.wav
一点儿,一點兒,yī diǎn r,ㄧㄉㄧㄢˇㄦ˙,a bit/a little bit/(not) the least bit,audio/ㄧㄉㄧㄢˇㄦ˙.wav
一起,一起,yī qǐ,ㄧㄑㄧˇ,(in) the same place/together/in company (with)/altogether/in total,audio/ㄧㄑㄧˇ.wav
一些,一些,yī xiē,ㄧㄒㄧㄝ,some/a few/a little/(following an adjective) slightly,audio/ㄧㄒㄧㄝ.wav
用,用,yòng,ㄩㄥˋ,to use,audio/ㄩㄥˋ.wav
有,有,yǒu,ㄧㄡˇ,to have/there is/there are/to exist,audio/ㄧㄡˇ.wav
有的,有的,yǒu de,ㄧㄡˇㄉㄜ˙,(there are) some (who are...)/some (exist),audio/ㄧㄡˇㄉㄜ˙.wav
有名,有名,yǒu míng,ㄧㄡˇㄇㄧㄥˊ,famous/well-known,audio/ㄧㄡˇㄇㄧㄥˊ.wav
有时候,有時候,yǒu shí hou,ㄧㄡˇㄕˊㄏㄡ˙,sometimes,audio/ㄧㄡˇㄕˊㄏㄡ˙.wav
有些,有些,yǒu xiē,ㄧㄡˇㄒㄧㄝ,some/somewhat,audio/ㄧㄡˇㄒㄧㄝ.wav
有用,有用,yǒu yòng,ㄧㄡˇㄩㄥˋ,useful,audio/ㄧㄡˇㄩㄥˋ.wav
右,右,yòu,ㄧㄡˋ,right (-hand),audio/ㄧㄡˋ.wav
右边,右邊,yòu bian,ㄧㄡˋㄅㄧㄢ˙,right side/right/to the right,audio/ㄧㄡˋㄅㄧㄢ˙.wav
雨,雨,yǔ,ㄩˇ,rain,audio/ㄩˇ.wav
元,元,yuán,ㄩㄢˊ,currency unit/primary/first,audio/ㄩㄢˊ.wav
远,遠,yuǎn,ㄩㄢˇ,far/distant/remote,audio/ㄩㄢˇ.wav
月,月,yuè,ㄩㄝˋ,moon/month,audio/ㄩㄝˋ.wav
再,再,zài,ㄗㄞˋ,again/once more/second/another,audio/ㄗㄞˋ.wav
再见,再見,zài jiàn,ㄗㄞˋㄐㄧㄢˋ,goodbye/see you again later,audio/ㄗㄞˋㄐㄧㄢˋ.wav
在,在,zài,ㄗㄞˋ,(located) at/in/exist,audio/ㄗㄞˋ.wav
在家,在家,zài jiā,ㄗㄞˋㄐㄧㄚ,to be at home/(at a workplace) to be in,audio/ㄗㄞˋㄐㄧㄚ.wav
早,早,zǎo,ㄗㄠˇ,early/morning,audio/ㄗㄠˇ.wav
早饭,早飯,zǎo fàn,ㄗㄠˇㄈㄢˋ,breakfast,audio/ㄗㄠˇㄈㄢˋ.wav
早上,早上,zǎo shang,ㄗㄠˇㄕㄤ˙,early morning,audio/ㄗㄠˇㄕㄤ˙.wav
怎么,怎麼,zěn me,ㄗㄣˇㄇㄜ˙,how?/what?/why?,audio/ㄗㄣˇㄇㄜ˙.wav
站,站,zhàn,ㄓㄢˋ,station/to stand/to halt/to stop,audio/ㄓㄢˋ.wav
找,找,zhǎo,ㄓㄠˇ,to try to find/to look for/to seek,audio/ㄓㄠˇ.wav
找到,找到,zhǎo dào,ㄓㄠˇㄉㄠˋ,to find,audio/ㄓㄠˇㄉㄠˋ.wav
这,這,zhè,ㄓㄜˋ,this/these,audio/ㄓㄜˋ.wav
这边,這邊,zhè biān,ㄓㄜˋㄅㄧㄢ,this side/here,audio/ㄓㄜˋㄅㄧㄢ.wav
这里,這裡,zhè lǐ,ㄓㄜˋㄌㄧˇ,here,audio/ㄓㄜˋㄌㄧˇ.wav
这儿,這兒,zhè r,ㄓㄜˋㄦ˙,here,audio/ㄓㄜˋㄦ˙.wav
这些,這些,zhè xiē,ㄓㄜˋㄒㄧㄝ,these,audio/ㄓㄜˋㄒㄧㄝ.wav
着,着,zhe,ㄓㄜ˙,aspect particle indicating action in progress,audio/ㄓㄜ˙.wav
真,真,zhēn,ㄓㄣ,real/true/genuine,audio/ㄓㄣ.wav
真的,真的,zhēn de,ㄓㄣㄉㄜ˙,really/truly/indeed/real/true,audio/ㄓㄣㄉㄜ˙.wav
正,正,zhèng,ㄓㄥˋ,straight/upright/proper/main/principal,audio/ㄓㄥˋ.wav
正在,正在,zhèng zài,ㄓㄥˋㄗㄞˋ,to be in the process of (doing sth)/to be currently,audio/ㄓㄥˋㄗㄞˋ.wav
知道,知道,zhī dào,ㄓㄉㄠˋ,to know/to become aware of,audio/ㄓㄉㄠˋ.wav
知识,知識,zhī shi,ㄓㄕ˙,knowledge/intellectual,audio/ㄓㄕ˙.wav
中,中,zhōng,ㄓㄨㄥ,China/within/among/middle/center,audio/ㄓㄨㄥ.wav
中国,中國,Zhōng guó,ㄓㄨㄥㄍㄨㄛˊ,China,audio/ㄓㄨㄥㄍㄨㄛˊ.wav
中间,中間,zhōng jiān,ㄓㄨㄥㄐㄧㄢ,the middle/the inside/in the middle/within,audio/ㄓㄨㄥㄐㄧㄢ.wav
中文,中文,Zhōng wén,ㄓㄨㄥㄨㄣˊ,Chinese language,audio/ㄓㄨㄥㄨㄣˊ.wav
中午,中午,zhōng wǔ,ㄓㄨㄥㄨˇ,noon/midday,audio/ㄓㄨㄥㄨˇ.wav
中学,中學,zhōng xué,ㄓㄨㄥㄒㄩㄝˊ,middle school,audio/ㄓㄨㄥㄒㄩㄝˊ.wav
中学生,中學生,zhōng xué shēng,ㄓㄨㄥㄒㄩㄝˊㄕㄥ,middle-school student/high school student,audio/ㄓㄨㄥㄒㄩㄝˊㄕㄥ.wav
重,重,zhòng,ㄓㄨㄥˋ,heavy/serious,audio/ㄓㄨㄥˋ.wav
重要,重要,zhòng yào,ㄓㄨㄥˋㄧㄠˋ,important/significant/major,audio/ㄓㄨㄥˋㄧㄠˋ.wav
住,住,zhù,ㄓㄨˋ,to live/to dwell/to reside/to stop,audio/ㄓㄨˋ.wav
准备,準備,zhǔn bèi,ㄓㄨㄣˇㄅㄟˋ,preparation/to prepare/to intend,audio/ㄓㄨㄣˇㄅㄟˋ.wav
桌子,桌子,zhuō zi,ㄓㄨㄛㄗ˙,table/desk,audio/ㄓㄨㄛㄗ˙.wav
字,字,zì,ㄗˋ,letter/symbol/character/word,audio/ㄗˋ.wav
子,子,zi,ㄗ˙,(noun suffix),audio/ㄗ˙.wav
走,走,zǒu,ㄗㄡˇ,to walk/to go/to move,audio/ㄗㄡˇ.wav
走路,走路,zǒu lù,ㄗㄡˇㄌㄨˋ,to walk/to go on foot/to leave/to depart,audio/ㄗㄡˇㄌㄨˋ.wav
最,最,zuì,ㄗㄨㄟˋ,(the) most/-est,audio/ㄗㄨㄟˋ.wav
最好,最好,zuì hǎo,ㄗㄨㄟˋㄏㄠˇ,best/had better.../it would be best to...,audio/ㄗㄨㄟˋㄏㄠˇ.wav
最后,最後,zuì hòu,ㄗㄨㄟˋㄏㄡˋ,final/last/finally,audio/ㄗㄨㄟˋㄏㄡˋ.wav
昨天,昨天,zuó tiān,ㄗㄨㄛˊㄊㄧㄢ,yesterday,audio/ㄗㄨㄛˊㄊㄧㄢ.wav
左,左,zuǒ,ㄗㄨㄛˇ,left,audio/ㄗㄨㄛˇ.wav
左边,左邊,zuǒ bian,ㄗㄨㄛˇㄅㄧㄢ˙,left/the left side/to the left of,audio/ㄗㄨㄛˇㄅㄧㄢ˙.wav
坐,坐,zuò,ㄗㄨㄛˋ,to sit/to take a seat/to take (a bus,airplane etc.),audio/ㄗㄨㄛˋ.wav
坐下,坐下,zuò xia,ㄗㄨㄛˋㄒㄧㄚ˙,to sit down,audio/ㄗㄨㄛˋㄒㄧㄚ˙.wav
做,做,zuò,ㄗㄨㄛˋ,to do/to make/to produce,audio/ㄗㄨㄛˋ.wav
